accuracy,precision,recall,f1,eer,subset,n
1.0,0.0,0.0,0.0,0.0,librispeech,50
0.66,1.0,0.66,0.7951807228915663,0.0,speecht5,50
0.83,1.0,0.66,0.7951807228915663,0.14,all,100
