clip_path,duration_sec,ingestion,asr,antiSpoof,tacticClassification,riskSynthesis,total
eval/out/latency/audio/bench_15s.wav,15.0,1.571202815000106,11.907600249000097,3.754595058000632,11.06060457499916,5.6715770669998165,33.96557976399981
eval/out/latency/audio/bench_45s.wav,45.0,0.007226336000712763,2.2618070920007085,2.664728966000439,2.49983195599998,5.72177377800017,13.15536812800201
eval/out/latency/audio/bench_90s.wav,90.0,0.007508337999752257,2.2375830370001495,7.606479993999528,2.493349360999673,5.582559086999936,17.92747981699904
