mean_ingestion_s,mean_asr_s,mean_antiSpoof_s,mean_tacticClassification_s,mean_riskSynthesis_s,mean_total_s
0.528645829666857,5.468996792666985,4.675268006000199,5.351261963999605,5.658636643999974,21.682809236333622
